{
	"textures": {
		"particle": "block/cake/state3/cake_side",
		"bottom": "block/cake/state3/cake_bottom",
		"top": "block/cake/state3/cake_top",
		"side": "block/cake/state3/cake_side"
  	},
  	"elements": [
		{
			"from": [ 1, 0, 1 ],
			"to": [ 15, 8, 15 ],
			"faces": {
				"down":  { "texture": "#bottom", "cullface": "down" },
				"up":    { "texture": "#top" },
				"north": { "texture": "#side" },
				"south": { "texture": "#side" },
				"west":  { "texture": "#side" },
				"east":  { "texture": "#side" }
			}
		}
	],
	"display": {
		"head": {
			"translation": [0, -30.4, 0],
			"scale": [1.6, 1.6, 1.6]
		}
	}
}