{
	"textures": {
		"0": "block/cake/state5/cake_side",
		"1": "block/cake/state5/cake_top",
		"2": "block/cake/state5/cake_bottom",
		"3": "block/cake/cake_inner",
		"particle": "block/cake/state5/cake_side"
	},
	"elements": [
		{
			"from": [7, 0, 1],
			"to": [9, 8, 15],
			"rotation": {"angle": 0, "axis": "y", "origin": [16, 8, 9]},
			"faces": {
				"north": {"uv": [1, 8, 3, 16], "texture": "#0"},
				"east": {"uv": [1, 8, 15, 16], "texture": "#3"},
				"south": {"uv": [13, 8, 15, 16], "texture": "#0"},
				"west": {"uv": [1, 8, 15, 16], "texture": "#3"},
				"up": {"uv": [1, 1, 3, 15], "texture": "#1"},
				"down": {"uv": [7, 1, 9, 15], "texture": "#2"}
			}
		}
	],
	"display": {
		"thirdperson_righthand": {
			"rotation": [0, 90, 0],
			"translation": [0, 4, 1.5],
			"scale": [0.5, 0.5, 0.5]
		},
		"thirdperson_lefthand": {
			"rotation": [0, 90, 0],
			"translation": [0, 4, 1.5],
			"scale": [0.5, 0.5, 0.5]
		},
		"ground": {
			"scale": [0.5, 0.5, 0.5]
		},
		"gui": {
			"rotation": [0, 90, 0]
		},
		"fixed": {
			"rotation": [0, 90, 0]
		}
	}
}