{
	"textures": {
		"candle": "block/cake/candle",
		"bottom": "block/cake/state5/cake_bottom",
		"top": "block/cake/state5/cake_top",
		"particle": "block/cake/state5/cake_side",
		"side": "block/cake/state5/cake_side"
	},
	"elements": [
		{
			"name": "cake",
			"from": [1, 0, 1],
			"to": [15, 8, 15],
			"faces": {
				"north": {"uv": [1, 8, 15, 16], "texture": "#side"},
				"east": {"uv": [1, 8, 15, 16], "texture": "#side"},
				"south": {"uv": [1, 8, 15, 16], "texture": "#side"},
				"west": {"uv": [1, 8, 15, 16], "texture": "#side"},
				"up": {"uv": [1, 1, 15, 15], "texture": "#top"},
				"down": {"uv": [1, 1, 15, 15], "texture": "#bottom", "cullface": "down"}
			}
		},
		{
			"name": "candle",
			"from": [7, 8, 7],
			"to": [9, 14, 9],
			"rotation": {"angle": 0, "axis": "y", "origin": [15, 16, 15]},
			"faces": {
				"north": {"uv": [0, 8, 2, 14], "texture": "#candle"},
				"east": {"uv": [0, 8, 2, 14], "texture": "#candle"},
				"south": {"uv": [0, 8, 2, 14], "texture": "#candle"},
				"west": {"uv": [0, 8, 2, 14], "texture": "#candle"},
				"up": {"uv": [0, 6, 2, 8], "texture": "#candle"},
				"down": {"uv": [0, 14, 2, 16], "texture": "#candle"}
			}
		},
		{
			"name": "string0",
			"from": [8, 14, 7.5],
			"to": [8, 15, 8.5],
			"rotation": {"angle": -45, "axis": "y", "origin": [8, 22, 8]},
			"faces": {
				"north": {"uv": [0, 0, 0, 1], "texture": "#missing"},
				"east": {"uv": [0, 5, 1, 6], "texture": "#candle"},
				"south": {"uv": [0, 0, 0, 1], "texture": "#missing"},
				"west": {"uv": [0, 5, 1, 6], "texture": "#candle"},
				"up": {"uv": [0, 0, 0, 1], "texture": "#missing"},
				"down": {"uv": [0, 0, 0, 1], "texture": "#missing"}
			}
		},
		{
			"name": "string1",
			"from": [8, 14, 7.5],
			"to": [8, 15, 8.5],
			"rotation": {"angle": 45, "axis": "y", "origin": [8, 22, 8]},
			"faces": {
				"north": {"uv": [0, 0, 0, 1], "texture": "#missing"},
				"east": {"uv": [0, 5, 1, 6], "texture": "#candle"},
				"south": {"uv": [0, 0, 0, 1], "texture": "#missing"},
				"west": {"uv": [0, 5, 1, 6], "texture": "#candle"},
				"up": {"uv": [0, 0, 0, 1], "texture": "#missing"},
				"down": {"uv": [0, 0, 0, 1], "texture": "#missing"}
			}
		}
	],
	"display": {
		"head": {
			"translation": [0, -30.4, 0],
			"scale": [1.6, 1.6, 1.6]
		}
	}
}