{
  "parent": "minecraft:item/generated",
  "textures": {
    "layer0": "minecraft:item/cake"
  },
  "overrides": [
    {"predicate": {"custom_model_data": 1}, "model": "minecraft:item/cake/state1"},
    {"predicate": {"custom_model_data": 2}, "model": "minecraft:item/cake/state2"},
    {"predicate": {"custom_model_data": 3}, "model": "minecraft:item/cake/state3"},
    {"predicate": {"custom_model_data": 4}, "model": "minecraft:item/cake/state4"},
    {"predicate": {"custom_model_data": 5}, "model": "minecraft:item/cake/state5"},
    {"predicate": {"custom_model_data": 6}, "model": "minecraft:item/cake/state6"}
  ]
}