{
    "parent": "minecraft:item/generated",
    "textures": {
      "layer0": "minecraft:item/totem_of_undying"
    },
    "overrides": [
        {"predicate": {"custom_model_data": 101}, "model": "minecraft:item/relic/red"},
        {"predicate": {"custom_model_data": 102}, "model": "minecraft:item/relic/orange"},
        {"predicate": {"custom_model_data": 103}, "model": "minecraft:item/relic/yellow"},
        {"predicate": {"custom_model_data": 104}, "model": "minecraft:item/relic/green"},
        {"predicate": {"custom_model_data": 105}, "model": "minecraft:item/relic/cyan"},
        {"predicate": {"custom_model_data": 106}, "model": "minecraft:item/relic/blue"},
        {"predicate": {"custom_model_data": 107}, "model": "minecraft:item/relic/purple"},
        {"predicate": {"custom_model_data": 108}, "model": "minecraft:item/relic/white"}
    ]
}