{
	"textures": {
		"0": "block/emerald_block",
		"1": "block/gold_block",
		"particle": "block/emerald_block"
	},
	"elements": [
		{
			"from": [0, 0, 0],
			"to": [16, 1, 16],
			"faces": {
				"north": {"uv": [0, 0, 16, 1], "texture": "#0"},
				"east": {"uv": [0, 0, 16, 1], "texture": "#0"},
				"south": {"uv": [0, 0, 16, 1], "texture": "#0"},
				"west": {"uv": [0, 0, 16, 1], "texture": "#0"},
				"up": {"uv": [0, 0, 16, 16], "texture": "#0"},
				"down": {"uv": [0, 0, 16, 16], "texture": "#0"}
			}
		},
		{
			"from": [1, 1, 1],
			"to": [15, 2, 15],
			"rotation": {"angle": 0, "axis": "y", "origin": [8, 9, 8]},
			"faces": {
				"north": {"uv": [1, 0, 15, 1], "texture": "#0"},
				"east": {"uv": [1, 0, 15, 1], "texture": "#0"},
				"south": {"uv": [1, 0, 15, 1], "texture": "#0"},
				"west": {"uv": [1, 0, 15, 1], "texture": "#0"},
				"up": {"uv": [1, 1, 15, 15], "texture": "#0"},
				"down": {"uv": [0, 0, 14, 14], "texture": "#0"}
			}
		},
		{
			"from": [2, 2, 2],
			"to": [14, 4, 14],
			"rotation": {"angle": 0, "axis": "y", "origin": [8, 10, 8]},
			"faces": {
				"north": {"uv": [2, 0, 14, 2], "texture": "#0"},
				"east": {"uv": [2, 0, 14, 2], "texture": "#0"},
				"south": {"uv": [2, 0, 14, 2], "texture": "#0"},
				"west": {"uv": [2, 0, 14, 2], "texture": "#0"},
				"up": {"uv": [2, 2, 14, 14], "texture": "#0"},
				"down": {"uv": [0, 0, 14, 14], "texture": "#0"}
			}
		},
		{
			"from": [3, 4, 3],
			"to": [13, 6, 13],
			"rotation": {"angle": 0, "axis": "y", "origin": [8, 12, 8]},
			"faces": {
				"north": {"uv": [3, 0, 13, 2], "texture": "#0"},
				"east": {"uv": [3, 0, 13, 2], "texture": "#0"},
				"south": {"uv": [3, 0, 13, 2], "texture": "#0"},
				"west": {"uv": [3, 0, 13, 2], "texture": "#0"},
				"up": {"uv": [3, 3, 13, 13], "texture": "#0"},
				"down": {"uv": [0, 0, 14, 14], "texture": "#0"}
			}
		},
		{
			"from": [4, 6, 4],
			"to": [12, 9, 12],
			"rotation": {"angle": 0, "axis": "y", "origin": [8, 14, 8]},
			"faces": {
				"north": {"uv": [4, 0, 12, 3], "texture": "#0"},
				"east": {"uv": [4, 0, 12, 3], "texture": "#0"},
				"south": {"uv": [4, 0, 12, 3], "texture": "#0"},
				"west": {"uv": [4, 0, 12, 3], "texture": "#0"},
				"up": {"uv": [4, 4, 12, 12], "texture": "#0"},
				"down": {"uv": [0, 0, 14, 14], "texture": "#0"}
			}
		},
		{
			"from": [5, 9, 5],
			"to": [11, 12, 11],
			"rotation": {"angle": 0, "axis": "y", "origin": [8, 17, 8]},
			"faces": {
				"north": {"uv": [5, 0, 11, 3], "texture": "#0"},
				"east": {"uv": [5, 0, 11, 3], "texture": "#0"},
				"south": {"uv": [5, 0, 11, 3], "texture": "#0"},
				"west": {"uv": [5, 0, 11, 3], "texture": "#0"},
				"up": {"uv": [5, 5, 11, 11], "texture": "#0"},
				"down": {"uv": [0, 0, 14, 14], "texture": "#0"}
			}
		},
		{
			"from": [6, 12, 6],
			"to": [10, 15, 10],
			"rotation": {"angle": 0, "axis": "y", "origin": [8, 20, 8]},
			"faces": {
				"north": {"uv": [6, 0, 10, 3], "texture": "#0"},
				"east": {"uv": [6, 0, 10, 3], "texture": "#0"},
				"south": {"uv": [6, 0, 10, 3], "texture": "#0"},
				"west": {"uv": [6, 0, 10, 3], "texture": "#0"},
				"up": {"uv": [6, 6, 10, 10], "texture": "#0"},
				"down": {"uv": [0, 0, 14, 14], "texture": "#0"}
			}
		},
		{
			"from": [7, 15, 7],
			"to": [9, 18, 9],
			"rotation": {"angle": 0, "axis": "y", "origin": [8, 23, 8]},
			"faces": {
				"north": {"uv": [7, 0, 9, 3], "texture": "#0"},
				"east": {"uv": [7, 0, 9, 3], "texture": "#0"},
				"south": {"uv": [7, 0, 9, 3], "texture": "#0"},
				"west": {"uv": [7, 0, 9, 3], "texture": "#0"},
				"up": {"uv": [7, 7, 9, 9], "texture": "#0"},
				"down": {"uv": [0, 0, 14, 14], "texture": "#0"}
			}
		},
		{
			"from": [7.5, 18, 7.5],
			"to": [8.5, 21, 8.5],
			"rotation": {"angle": 0, "axis": "y", "origin": [8, 26, 8]},
			"faces": {
				"north": {"uv": [7, 0, 8, 4], "texture": "#0"},
				"east": {"uv": [7, 0, 8, 4], "texture": "#0"},
				"south": {"uv": [7, 0, 8, 4], "texture": "#0"},
				"west": {"uv": [7, 0, 8, 4], "texture": "#0"},
				"up": {"uv": [7, 7, 9, 9], "texture": "#0"},
				"down": {"uv": [0, 0, 14, 14], "texture": "#0"}
			}
		},
		{
			"from": [7, 21, 7],
			"to": [9, 23, 9],
			"rotation": {"angle": 0, "axis": "y", "origin": [14, 28, 18]},
			"faces": {
				"north": {"uv": [8, 8, 10, 10], "texture": "#1"},
				"east": {"uv": [8, 8, 10, 10], "texture": "#1"},
				"south": {"uv": [8, 8, 10, 10], "texture": "#1"},
				"west": {"uv": [8, 8, 10, 10], "texture": "#1"},
				"up": {"uv": [8, 8, 10, 10], "texture": "#1"},
				"down": {"uv": [8, 8, 10, 10], "texture": "#1"}
			}
		}
	],
	"display": {
		"ground": {
			"scale": [0.35, 0.35, 0.35]
		},
		"gui": {
			"rotation": [22.5, 45, 0],
			"translation": [0, -1, 0],
			"scale": [0.55, 0.55, 0.55]
		},
		"head": {
			"translation": [0, 13, 0]
		},
		"fixed": {
			"translation": [0, -2, 0],
			"scale": [0.6, 0.6, 0.6]
		}
	}
}